LCA_CASE_NUMBER;STATUS;LCA_CASE_SUBMIT;DECISION_DATE;VISA_CLASS;LCA_CASE_EMPLOYMENT_START_DATE;LCA_CASE_EMPLOYMENT_END_DATE;LCA_CASE_EMPLOYER_NAME;LCA_CASE_EMPLOYER_ADDRESS;LCA_CASE_EMPLOYER_CITY;LCA_CASE_EMPLOYER_STATE;LCA_CASE_EMPLOYER_POSTAL_CODE;LCA_CASE_SOC_CODE;LCA_CASE_SOC_NAME;LCA_CASE_JOB_TITLE;LCA_CASE_WAGE_RATE_FROM;LCA_CASE_WAGE_RATE_TO;LCA_CASE_WAGE_RATE_UNIT;FULL_TIME_POS;TOTAL_WORKERS;LCA_CASE_WORKLOC1_CITY;LCA_CASE_WORKLOC1_STATE;PW_1;PW_UNIT_1;PW_SOURCE_1;OTHER_WAGE_SOURCE_1;YR_SOURCE_PUB_1;LCA_CASE_WORKLOC2_CITY;LCA_CASE_WORKLOC2_STATE;PW_2;PW_UNIT_2;PW_SOURCE_2;OTHER_WAGE_SOURCE_2;YR_SOURCE_PUB_2;LCA_CASE_NAICS_CODE
I-200-09106-546545;CERTIFIED-WITHDRAWN;18.01.2013;29.09.2014;H-1B;01.02.2013;01.02.2016;TEXAS STATE UNIVERSITY-SAN MARCOS;601 UNIVERSITY DRIVE;SAN MARCOS;TX;78666;19-1029;Biological Scientists, All Other;POSTDOCTORAL RESEARCH ASSOCIATE;50000;60000;Year;Y;1;SAN MARCOS;TX;43118.00;Year;OES;OFLC ONLINE DATA CENTER;2013;ST. LOUIS;MO;49566.00;Year;OES;OFLC ONLINE DATA CENTER;OFLC ONLINE DATA CENTER;611310
I-200-09162-143337;CERTIFIED;17.03.2014;21.03.2014;H-1B;15.09.2014;15.09.2017;EYE SPECIALISTS OF INDIANA, P.C.;1901 N. MERIDIAN ST.;INDIANAPOLIS;IN;46202;29-1041;Optometrists;OPTOMETRIST;65000;;Year;Y;1;INDIANAPOLIS;IN;64251.00;Year;Other;OFLC ONLINE DATA CENTER;2013;INDIANAPOLIS;IN;64251.00;Year;Other;OFLC ONLINE DATA CENTER;OFLC ONLINE DATA CENTER;621320
I-200-09182-550211;DENIED;14.03.2014;20.03.2014;H-1B;01.04.2014;01.04.2015;LHB, INC.;21 WEST SUPERIOR STREET;DULUTH;MN;55802;27-2011;Actors;FOOD SAFETY SCIENTIST;50000;;Year;Y;1;FARG;WI;50000.00;Year;OES;OFLIC ONLINE;2014;;;;;;;;541330
I-200-09193-873099;CERTIFIED;01.03.2014;06.03.2014;H-1B;28.08.2014;27.08.2017;WAM USA, INC.;75 BOULDERBROOK CIRCLE;LAWRENCEVILLE;GA;30045;13-2011;Accountants and Auditors;INTERNATIONAL ACCOUNTANT;48000;;Year;Y;1;LAWRENCEVILLE;GA;47424.00;Year;Other;OFLC ONLINE DATA CENTER;2014;;;;;;;;333922
I-200-09197-120609;CERTIFIED-WITHDRAWN;10.03.2014;17.03.2014;H-1B;01.09.2014;01.09.2017;DFUSE TECHNOLOGIES, INC.;20143 DESERT FOREST DRIVE;ASHBURN;VA;20147;15-1131;Computer Programmers;PROGRAMMER ANALYST;62000;;Year;Y;1;SAN JOSE;CA;61589.00;Year;OES;OFLC ONLINE DATA CENTER;2013;;;;;;;;541519
I-200-09203-855998;CERTIFIED;20.08.2014;26.08.2014;H-1B;20.08.2014;14.09.2015;TAKE ENTERPRISE SERVICES INC;502 CARNEGIE CENTER;PRINCETON;NJ;08540;15-1131;Computer Programmers;PROGRAMMER ANALYST;69742;;Year;Y;1;CHARLOTTE;NC;53706;Year;Other;FLC DATACENTER ONLINE WAGE LIBRARY;2014;;;;;;;;541511
I-200-09205-703458;WITHDRAWN;15.09.2014;15.09.2014;H-1B;15.09.2014;10.01.2015;TAKE SOLUTIONS, INC;502 CARNEGIE CENTER;PRINCETON;NJ;08540;15-1131;Computer Programmers;PROGRAMMER ANLYST;63000;;Year;Y;1;DOWNERS GROVE;IL;49774;Year;Other;FLC DATA CENTER ONLINE WAGE LIBRARY;2014;;;;;;;;541511
I-200-09205-927162;CERTIFIED;26.06.2014;02.07.2014;H-1B;12.10.2014;11.10.2017;PLATTFORM ADVERTISING, INC.;15500 W. 113TH STREET;LENEXA;KS;66219;15-1132;Software Developers, Applications;SENIOR APPLICATION DEVELOPER;99403;;Year;Y;1;LENEXA;KS;99403;Year;OES;OFLC ONLINE DATA CENTER;2013;;;;;;;;541810
I-200-09208-457486;WITHDRAWN;17.07.2013;18.03.2014;H-1B;05.08.2009;04.08.2012;PROPEL CORP.;621 HILLROSE DRIVE;LOUISVILLE;KY;40243;15-1031.00;Computer Software Engineers, Applications;SOFTWARE ENGINEER;60000;;Year;Y;1;LOUISVILLE;KY;58427.00;Year;OES;OFLC ONLINE DATA CENTER;2009;;;;;;;;541411
I-200-09211-513022;CERTIFIED-WITHDRAWN;30.07.2009;13.05.2014;H-1B;15.09.2009;14.09.2012;UT HEALTH SCIENCE CENTER AT SAN ANTONIO;7703 FLOYD CURL DR.;SAN ANTONIO;TX;78229-3900;29-1069.99;Physicians and Surgeons, All Other;ASSISTANT PROFESSOR;190000;;Year;Y;1;SAN ANTONIO;TX;43701;Year;OES;;2009;;;;;;;;611310
I-200-09216-104957;WITHDRAWN;10.03.2014;10.03.2014;H-1B;01.09.2014;01.09.2017;CITRON PHARMA, LLC;2 TOWER CENTER BLVD.;EAST BRUNSWICK;NJ;08816;15-1131;Computer Programmers;ERP PROGRAMMER;53000;;Year;Y;1;EAST BRUNSWICK;NJ;52770;Year;OES;OFLC ONLINE DATA CENTER;2013;;;;;;;;424210
I-200-09223-150783;CERTIFIED-WITHDRAWN;18.04.2011;03.04.2014;H-1B;01.10.2011;30.09.2014;ATHEROS COMMUNICATIONS, INC.;1700 TECHNOLOGY DRIVE;SAN JOSE;CA;95110;15-1032.00;Computer Software Engineers, Systems Software;SOFTWARE ENGINEER;99000;;Year;Y;1;SAN JOSE;CA;85904.00;Year;OES;OFLC ONLINE DATA CENTER;2010;;;;;;;;334413
I-200-09225-615114;CERTIFIED-WITHDRAWN;19.08.2013;04.12.2013;H-1B;19.08.2013;09.02.2016;ETEK IT SERVICES, INC.;830 E HIGGINS RD;SCHAUMBURG;IL;60173;15-1132;Software Developers, Applications;SOFTWARE ENGINEER;96429;;Year;Y;1;CHESTERBROOK;PA;96429.00;Year;Other;FLC DATA CENTER ONLINE WAGE LIBRARY;2013;;;;;;;;541511
I-200-09229-182110;WITHDRAWN;08.03.2014;08.03.2014;H-1B;07.09.2014;06.09.2017;ICON TECHNOLOGIES, INC.;450 CULLEN COPSE;ALPHARETTA;GA;30022;15-1131;Computer Programmers;COMPUTER PROGRAMMER;54000;;Year;Y;5;ALPHARETTA;GA;52229.00;Year;OES;OFLC ONLINE DATA CENTER;2013;ALPHARETTA;GA;52229.00;Year;OES;OFLC ONLINE DATA CENTER;OFLC ONLINE DATA CENTER;541511
I-200-09230-596710;CERTIFIED;06.08.2014;12.08.2014;H-1B;05.09.2014;05.09.2017;DEWBERRY ENGINEERS INC.;8401 ARLINGTON BLVD;FAIRFAX;VA;22031-4666;17-2051;Civil Engineers;STRUCTURAL ENGINEER;78083.2;;Year;Y;1;BLOOMFIELD;NJ;77979.00;Year;OES;OFLC ONLINE DATA CENTER;2014;;;;;;;;541330
I-200-09231-610493;CERTIFIED;18.10.2013;26.10.2013;H-1B;04.11.2013;04.11.2016;CAREMARK, LLC;750 W. JOHN CARPENTER FREEWAY;IRVING;TX;75039;15-1132;Software Developers, Applications;ANALYST, APPLICATION DEVELOPMENT;58074;76200;Year;Y;1;SCOTTSDALE;AZ;58074;Year;OES;OFLC ONLINE DATA CENTER;2013;;;;;;;;424210
I-200-09240-162319;CERTIFIED-WITHDRAWN;30.08.2011;14.04.2014;H-1B;01.10.2011;01.10.2014;CRISPIN PORTER & BOGUSKY, LLC;3390 MARY STREET, SUITE 300;MIAMI;FL;33133;27-1011;Art Directors;ART DIRECTOR;43300;;Year;Y;1;BOULDER;CO;43300;Year;Other;APWD, INC.: TOWERS WATSON: SURVEY REPORT ON PROFESSIONAL ADMINISTRATIVE SERVICES COMPENSAT;2011;;;;;;;;541810
I-200-09244-448752;CERTIFIED;30.10.2013;05.11.2013;H-1B;04.11.2013;04.11.2016;CAREMARK, LLC;750 W. JOHN CARPENTER FREEWAY;IRVING;TX;75039;15-1199;Computer Occupations, All Other;IT QUALITY ASSURANCE AUTOMATION ANALYST;63294;76200;Year;Y;1;RICHARDSON;TX;63294;Year;OES;OFLC ONLINE DATA CENTER;2013;;;;;;;;424210
I-200-09253-169906;CERTIFIED;10.09.2014;16.09.2014;H-1B;10.09.2014;10.09.2017;LOGISTIC SOLUTIONS, INC.;216 STELTON ROAD;PISCATAWAY;NJ;08854;15-1132;Software Developers, Applications;SOFTWARE ENGINEER;100000;;Year;Y;1;JERSEY CITY;NJ;91104.00;Year;OES;OFLC ONLINE DATA CENTER;2014;;;;;;;;541511
I-200-09254-252471;CERTIFIED-WITHDRAWN;12.03.2014;25.08.2014;H-1B;10.09.2014;10.09.2017;FRS AMERICA, INC.;2700 LAKE COOK ROAD;RIVERWOODS;IL;60015;41-9031;Sales Engineers;TECH SALES SUPPORT SPECIALIST III;110000;;Year;Y;1;WALTHAM;MA;101338.00;Year;OES;OFLC ONLINE DATA CENTER;2013;SAN ANTONIO;TX;82784.00;Year;OES;OFLC ONLINE DATA CENTER;OFLC ONLINE DATA CENTER;511210
I-200-09258-422637;CERTIFIED-WITHDRAWN;15.09.2009;13.05.2014;H-1B;01.10.2009;30.09.2012;UNIVERSITY OF TEXAS HEALTH SCIENCE CENTER AT SAN A;7703 FLOYD CURL DR.;SAN ANTONIO;TX;78229;25-1071.00;Health Specialties Teachers, Postsecondary;CLINICAL INSTRUCTOR;71148;;Year;N;1;SAN ANTONIO;TX;23.58;Hour;OES;;2009;;;;;;;;611310
I-200-09258-595347;CERTIFIED-WITHDRAWN;21.03.2014;19.06.2014;H-1B;15.09.2014;15.09.2017;SYSINTELLI, INC;9466 BLACK MOUNTAIN ROAD;SAN DIEGO;CA;92126;15-1132;Software Developers, Applications;SOFTWARE DEVELOPER;60000;;Year;Y;1;TAMPA;FL;55494;Year;OES;OFLC ONLINE DATA CENTER;2013;;;;;;;;541519
I-200-09259-849209;CERTIFIED;12.03.2014;18.03.2014;H-1B;10.09.2014;10.09.2017;FRS AMERICA, INC.;2700 LAKE COOK ROAD;RIVERWOODS;IL;60015;11-3021;Computer and Information Systems Managers;SENIOR IMPLEMENTATION CONSULTANT;129418;130000;Year;Y;1;NEW YORK;NY;129418.00;Year;OES;OFLC ONLINE DATA CENTER;2013;NEW YORK;NY;129418.00;Year;OES;OFLC ONLINE DATA CENTER;OFLC ONLINE DATA CENTER;511210
I-200-09266-413868;CERTIFIED;13.03.2014;19.03.2014;H-1B;10.09.2014;09.09.2017;STATOIL GULF SERVICES LLC;2103 CITYWEST BOULEVARD;HOUSTON;TX;77042;17-2081;Environmental Engineers;RESEARCHER, PRODUCTION AND WATER MANAGEMENT;119000;;Year;Y;1;HOUSTON;TX;94162.00;Year;OES;OFLC ONLINE DATA CENTER;2013;;;;;;;;213112
I-200-09267-929154;CERTIFIED;23.04.2014;29.04.2014;H-1B;05.06.2014;05.06.2017;CCH INCORPORATED;2700 LAKE COOK ROAD;RIVERWOODS;IL;60015;15-1132;Software Developers, Applications;APPLICATIONS DEVELOPER III;62982;114900;Year;Y;1;RIVERWOODS;IL;62982.00;Year;OES;OFLC ONLINE DATA CENTER;2013;;;;;;;;511210
I-200-09271-869754;CERTIFIED;05.05.2014;09.05.2014;H-1B;05.05.2014;04.05.2017;FRONTIER TECHNOLOGIES, LLC;1601 BOND STREET, SUITE 305;NAPERVILLE;IL;60563;15-1132;Software Developers, Applications;SOFTWARE ENGINEER;77000;;Year;Y;1;ELMHURST;IL;76357;Year;OES;OFLC ONLINE DATA CENTER;2013;;;;;;;;541511
I-200-09273-187930;CERTIFIED;24.10.2013;01.11.2013;H-1B;21.04.2014;20.04.2017;NEXTAG, INC.;2955 CAMPUS DRIVE;SAN MATEO;CA;94403;15-1132;Software Developers, Applications;SOFTWARE ENGINEER;123000;;Year;Y;1;SAN MATEO;CA;112674;Year;OES;OFLC ONLINE DATA CENTER;2013;;;;;;;;541710
I-200-09273-620055;CERTIFIED;01.05.2014;07.05.2014;H-1B;19.07.2014;19.07.2017;CCH INCORPORATED;2700 LAKE COOK ROAD;RIVERWOODS;IL;60015;11-3021;Computer and Information Systems Managers;MANAGER IT;111654;134700;Year;Y;1;IRVING;TX;111654.00;Year;OES;OFLC ONLINE DATA CENTER;2013;;;;;;;;511210
I-200-09275-975885;CERTIFIED;19.04.2014;24.04.2014;H-1B;21.04.2014;25.04.2015;YAMILETH BEEPERS CORP;10181 NW 58 ST SUITE 7;DORAL;FL;33178;27-1024;Graphic Designers;DESIGN & CREATIVE DIRECTOR;30;;Hour;Y;1;DORAL;FL;55680.00;Year;OES;OFLC ONLINE DATA CENTER;2013;;;;;;;;323110
I-200-09279-165003;WITHDRAWN;18.04.2011;03.01.2014;H-1B;29.09.2011;29.09.2014;BECKMAN COULTER, INC.;250 S. KRAEMER BLVD.;BREA;CA;92821;15-1032.00;Computer Software Engineers, Systems Software;SENIOR SOFTWARE VALIDATION ENGINEER;84178;;Year;Y;1;CHASKA;MN;35.53;Hour;Other;NATIONAL COMPENSATION SURVEY, BLS;2010;;;;;;;;3391
I-200-09279-213034;DENIED;23.04.2014;29.04.2014;H-1B;21.06.2014;21.06.2017;CCH INCORPORATED;2700 LAKE COOK ROAD;RIVERWOODS;IL;60015;15-1133;Software Developers, Systems Software;APPLICATIONS DEVELOPER II;81474;107300;Year;Y;1;KENNESAW;GA;81747.00;Year;OES;OFLC ONLINE DATA CENTER;2013;;;;;;;;511210
I-200-09280-107494;CERTIFIED-WITHDRAWN;04.05.2011;31.10.2013;H-1B;11.09.2011;11.09.2014;MCAFEE, INC.;2430 ENERGY PARK DRIVE;ST. PAUL;MN;55108;15-1071.01;Computer Security Specialists;PRODUCT SPECIALIST (SENIOR ENTERPRISE ACCOUNT MANA;82306;123000;Year;Y;1;SANTA CLARA;CA;82306;Year;OES;OFLC ONLINE DATA CENTER;2011;;;;;;;;5415
I-200-09288-856378;CERTIFIED;18.10.2013;26.10.2013;H-1B;18.10.2013;14.07.2016;APPS ASSOCIATES, LLC;40 NAGOG PARK;ACTON;MA;01720;15-1132;Software Developers, Applications;SENIOR CONSULTANT;105789;122178;Year;Y;1;BEDFORD;MA;104728;Year;Other;FLC DATA CENTER ONLINE WAGE LIBRARY;2013;;;;;;;;541511
I-200-09289-217121;CERTIFIED;21.10.2013;26.10.2013;H-1B;21.10.2013;20.10.2016;ALREK BUSINESS SOLUTIONS, INC;804 WOODFIELD ROAD;SCHAUMBURG;IL;60173;15-1132;Software Developers, Applications;PERFORMANCE TESTER;73861;;Year;Y;1;MENLO PARK;CA;73861;Year;Other;FLC DATA CENTER ONLINE WAGE LIBRARY;2013;;;;;;;;541511
I-200-09295-164849;CERTIFIED;08.11.2013;15.11.2013;H-1B;01.01.2014;01.01.2015;AMIT;CHERRYWOOD ROAD;MINNETONKA;MN;55305-;11-1011.00;Chief Executives;CHIEF FINANCIAL OFFICER;100000;;Year;Y;1;MINNETONKA;MN;99965.00;Year;OES;OFLC ONLINE DATA CENTER;2013;;;;;;;;5313
I-200-09300-229787;CERTIFIED-WITHDRAWN;11.09.2013;10.04.2014;H-1B;28.02.2014;31.03.2015;FITCH RATINGS;ONE STATE STREET PLAZA;NEW YORK;NY;10004;13-2051;Financial Analysts;DIRECTOR;157300;;Year;Y;1;NEW YORK;NY;95014;Year;OES;OFLC ONLINE DATA CENTER;2013;;;;;;;;523930
I-200-09300-310419;CERTIFIED;22.10.2013;01.11.2013;H-1B;11.11.2013;10.11.2016;PHUNWARE, INC.;7800 SHOAL CREEK BLVD., SUITE 210W;AUSTIN;TX;78757;15-1199;Computer Occupations, All Other;QUALITY ASSURANCE ENGINEER TEAM LEAD;100000;;Year;Y;1;AUSTIN;TX;98738.00;Year;OES;OFLC ONLINE DATA CENTER;2013;;;;;;;;5112
I-200-09302-985180;CERTIFIED;21.10.2013;26.10.2013;H-1B;21.10.2013;20.10.2016;INTONE NETWORKS INC.;10 AUSTIN AVENUE;ISELIN;NJ;08830;15-1121;Computer Systems Analysts;BUSINESS ANALYST;60000;;Year;Y;1;PORTSMOUTH;NH;56722;Year;Other;FLC DATA CENTER ONLINE WAGE LIBRARY;2013;;;;;;;;541519
I-200-09306-261972;CERTIFIED;23.10.2013;01.11.2013;H-1B;23.10.2013;22.10.2016;SEAL CONSULTING, INC.;105 FIELDCREST AVENUE;EDISON;NJ;08837;15-1131;Computer Programmers;SAP CONSULTANT;48464;;Year;Y;1;ST. LOUIS;MO;48464.00;Year;Other;FLC DATA CENTER ONLINE WAGE LIBRARY;2013;;;;;;;;541511
I-200-09310-751106;CERTIFIED;24.10.2013;01.11.2013;H-1B;10.03.2014;09.03.2017;INTONE NETWORKS INC.;10 AUSTIN AVENUE;ISELIN;NJ;08830;15-1131;Computer Programmers;SAP ABAP DEVELOPER LEVEL III;60000;;Year;Y;1;WASHINGTON;DC;54330;Year;Other;FLC DATA CENTER ONLINE WAGE LIBRARY;2013;;;;;;;;541519
I-200-09317-317907;CERTIFIED-WITHDRAWN;19.09.2011;06.08.2014;H-1B;01.10.2011;30.09.2014;C-LEVEL MANAGEMENT, INC;31371 RANCHO VIEJO ROAD;SAN JUAN CAPISTRANO;CA;92675;15-1121;Computer Systems Analysts;SOLUTIONS ARCHITECT;56000;;Year;Y;1;SAN JUAN CAPISTRANO;CA;55661.00;Year;Other;OFLC ONLINE DATA CENTER;2011;;;;;;;;541611
I-200-09321-500817;CERTIFIED;25.03.2014;31.03.2014;H-1B;24.09.2014;24.09.2017;HDK ENTERPRISES, INC.;7700 MAIN STREET;HOUSTON;TX;77030-4456;13-2011;Accountants and Auditors;BUSINESS ANALYST & COMPLIANCE OFFICER;60000;;Year;Y;1;HOUSTON;TX;47070.00;Year;OES;OFLC ONLINE DATA CENTER;2013;;;;;;;;424210
I-200-09321-521235;CERTIFIED-WITHDRAWN;02.05.2012;21.08.2014;H-1B;11.05.2012;10.05.2015;BARCLAYS CAPITAL INC.;745 SEVENTH AVENUE;NEW YORK;NY;10019;15-1132;Software Developers, Applications;VICE PRESIDENT, QUANTITATIVE EQUITIES APPLICATIONS;175000;;Year;Y;1;NEW YORK;NY;101629.00;Year;OES;OFLC ONLINE DATA CENTER;2011;;;;;;;;523110
I-200-09321-656288;CERTIFIED;24.10.2013;01.11.2013;H-1B;24.10.2013;23.10.2016;TEKCOMMANDS INC;631 EAST BIG BEAVER ROAD;TROY;MI;48083;15-1121;Computer Systems Analysts;QUALITY SYSTEMS ANALYST;67038;;Year;Y;1;COLUMBUS;OH;67038;Year;Other;FLC DATA CENTER ONLINE WAGE LIBRARY;2013;;;;;;;;541511
I-200-09322-015520;CERTIFIED-WITHDRAWN;18.05.2011;29.05.2014;H-1B;01.10.2011;30.09.2014;SEMAFOR TECHNOLOGIES, LLC;SIX CONCOURSE PARKWAY, FIFTH FLOOR;ATLANTA;GA;30328;15-1031.00;Computer Software Engineers, Applications;SOFTWARE ENGINEER;60000;90000;Year;Y;1;TALLAHASSEE;FL;48984.00;Year;OES;OFLC ONLINE DATA CENTER;2010;;;;;;;;541511
I-200-09323-607889;CERTIFIED-WITHDRAWN;28.05.2012;22.01.2014;H-1B;01.10.2012;01.10.2015;TARGET LABS, INC.;8320 OLD COURTHOSE RD., 2ND FLOOR;VIENNA;VA;22182;15-1051.00;Computer Systems Analysts;PROGRAMMER ANALYST;60174;;Year;Y;1;VIENNA;VA;60174.00;Year;OES;OFLC ONLINE DATA CENTER;2011;;;;;;;;541511
I-200-09327-169757;CERTIFIED;30.10.2013;05.11.2013;H-1B;18.11.2013;18.11.2016;CAREMARK, LLC;750 W. JOHN CARPENTER FREEWAY;IRVING;TX;75039;15-1132;Software Developers, Applications;JAVA DEVELOPER;62712;85000;Year;Y;1;NORTHBROOK;IL;62712;Year;OES;OFLC ONLINE DATA CENTER;2013;;;;;;;;424210
I-200-09328-842914;CERTIFIED-WITHDRAWN;28.12.2012;14.01.2014;H-1B;07.01.2013;06.01.2016;NOKIA INC.;6021 CONNECTION DRIVE;IRVING;TX;75039;17-2112;Industrial Engineers;PRODUCT DEVELOPMENT PURCHASING MANAGER;120000;;Year;Y;1;SAN DIEGO;CA;94203;Year;OES;OFLC ONLINE DATA CENTER;2012;;;;;;;;517212
I-200-09333-147505;CERTIFIED;05.11.2013;13.11.2013;H-1B;18.11.2013;18.11.2016;CAREMARK, LLC;750 W. JOHN CARPENTER FREEWAY;IRVING;TX;75039;15-1199;Computer Occupations, All Other;BUSINESS INTELLIGENCE ARCHITECT;120000;160000;Year;Y;1;SCOTTSDALE;AZ;77522;Year;OES;OFLC ONLINE DATA CENTER;2013;;;;;;;;424210
I-200-09335-123628;CERTIFIED;10.09.2014;16.09.2014;H-1B;30.09.2014;01.01.2015;NEUROSTREAM TECHNOLOGIES CORP.;TWO CARLSON PARKWAY N;MINNEAPOLIS;MN;55447-;19-1042.00;Medical Scientists, Except Epidemiologists;RESEARCH SCIENTIST, GAIT DISORDERS AND THERAPY;87500;;Year;Y;1;MINNEAPOLIS;MN;82826.00;Year;OES;OFLC ONLINE DATA CENTER;2014;;;;;;;;334510
I-200-09336-481442;WITHDRAWN;23.03.2011;03.09.2014;H-1B;22.09.2011;21.09.2014;SBM ATLANTIA, INC.;1255 ENCLAVE PARKWAY, SUITE 400;HOUSTON;TX;77077;17-2041.00;Chemical Engineers;SENIOR PROCESS ENGINEER;101275;115000;Year;Y;1;HOUSTON;TX;101275;Year;OES;OFLC ONLINE DATA CENTER;2010;;;;;;;;336611
I-200-09338-093360;CERTIFIED-WITHDRAWN;08.11.2011;15.07.2014;H-1B;28.11.2011;27.11.2014;PROSUM INC.;2321 ROSECRANS AVE.;EL SEGUNDO;CA;90245;15-1121;Computer Systems Analysts;BUSINESS ANALYST;115000;;Year;Y;1;LOS ANGELES;CA;97427.00;Year;OES;OFLC ONLINE DATA CENTER;2011;;;;;;;;541519
I-200-09338-585380;CERTIFIED;24.10.2013;01.11.2013;H-1B;24.10.2013;30.07.2014;AKT, LLC.;10 AUSTIN AVENUE;ISELIN;NJ;08830;15-1142;Network and Computer Systems Administrators;SYSTEMS ENGINEER-2 (WEBSPHERE ADMINISTRATOR);80000;;Year;Y;1;COLUMBIA;MD;55390.00;Year;Other;FLC DATA CENTER ONLINE WAGE LIBRARY;2013;;;;;;;;541519
I-200-09341-940535;CERTIFIED;21.04.2014;25.04.2014;H-1B;05.05.2014;05.05.2017;CT CORPORATION SYSTEMS;2700 LAKE COOK ROAD;RIVERWOODS;IL;60015;11-1021;General and Operations Managers;SENIOR MANAGER, FINANCIAL PLANNING & ANALYSIS;124675;175600;Year;Y;1;HOUSTON;TX;124675.00;Year;OES;OFLC ONLINE DATA CENTER;2013;;;;;;;;511210
I-200-09342-409761;CERTIFIED-WITHDRAWN;08.12.2009;13.05.2014;H-1B;01.01.2010;31.12.2012;UNIVERSITY OF TEXAS HEALTH SCIENCE CENTER AT SAN A;7703 FLOYD CURL DR.;SAN ANTONIO;TX;78229;25-1071.00;Health Specialties Teachers, Postsecondary;CLINICAL ASSISTANT PROFESSOR;38.46;;Hour;N;1;SAN ANTONIO;TX;20.36;Hour;OES;;2009;;;;;;;;611310
I-200-09344-948880;CERTIFIED;25.10.2013;01.11.2013;H-1B;25.10.2013;06.09.2016;INTONE NETWORKS INC.;10 AUSTIN AVENUE;ISELIN;NJ;08830;15-1131;Computer Programmers;SR. STATISTICAL PROGRAMMER;62000;;Year;Y;1;THOUSAND OAKS;CA;59800;Year;Other;FLC DATA CENTER ONLINE WAGE LIBRARY;2013;;;;;;;;541519
I-200-09350-610503;CERTIFIED-WITHDRAWN;06.09.2011;12.02.2014;H-1B;03.10.2011;02.10.2014;SUNGARD BUSINESS SYSTEMS LLC;104 INVERNESS CENTER PLACE;BIRMINGHAM;AL;35242;15-1121;Computer Systems Analysts;SR. JAVA DEVELOPER;90000;;Year;Y;1;BIRMINGHAM;AL;64045;Year;Other;OFLC ONLINE DATA CENTER;2011;;;;;;;;541511
I-200-09352-459411;CERTIFIED;25.10.2013;01.11.2013;H-1B;25.10.2013;16.03.2014;INTONE NETWORKS INC.;10 AUSTIN AVENUE;ISELIN;NJ;08830;15-1132;Software Developers, Applications;J2EE/ICAN DEVELOPER;64000;;Year;Y;1;EL SEGUNDO;CA;63856;Year;Other;FLC DATA CENTER ONLINE WAGE LIBRARY;2013;;;;;;;;541519
I-200-09356-373424;CERTIFIED-WITHDRAWN;24.03.2011;03.04.2014;H-1B;03.08.2011;02.08.2014;NOVATEL WIRELESS, INC.;9645 SCRANTON ROAD, STE. 205;SAN DIEGO;CA;92121;17-2072.00;Electronics Engineers, Except Computer;SENIOR FIELD TEST ENGINEER;87122;;Year;Y;1;SAN DIEGO;CA;87122.00;Year;Other;RADFORD GLOBAL TECHNOLOGY SURVEY;2010;;;;;;;;513300
I-200-10015-368282;CERTIFIED;28.10.2013;01.11.2013;H-1B;14.02.2014;13.02.2017;RESOLUTION HEALTH, INC.;2015 STAPLES MILL ROAD;RICHMOND;VA;23230;15-1132;Software Developers, Applications;BUSINESS INFORMATION DEVELOPER SENIOR;67226;88587;Year;Y;1;COLUMBIA;MD;67226.00;Year;Other;OFLC ONLINE DATA CENTER;2013;ELLICOTT CITY;MD;67226;Year;OES;OFLC ONLINE DATA CENTER;OFLC ONLINE DATA CENTER;524114
I-200-10021-909287;CERTIFIED;30.01.2014;06.02.2014;H-1B;24.02.2014;24.02.2017;PRECISION MANAGEMENT GROUP, INC.;180 MT. AIRY ROAD;BASKING RIDGE;NJ;07920;15-1199;Computer Occupations, All Other;IT QUALITY ASSURANCE ANALYST;30;;Hour;Y;1;MAYFIELD VILLAGE;OH;29.86;Hour;OES;OFLC ONLINE DATA CENTER;2013;;;;;;;;541519
I-200-10022-756568;CERTIFIED;24.10.2013;01.11.2013;H-1B;24.10.2013;22.10.2016;BLACKROCK INVESTMENT MANAGEMENT, LLC;40 EAST 52ND STREET;NEW YORK;NY;10022;13-1111;Management Analysts;ASSOCIATE;82659;85000;Year;Y;1;NEW YORK;NY;82659;Year;OES;OFLC ONLINE DATA CENTER;2013;;;;;;;;523920
I-200-10028-279543;CERTIFIED;20.03.2014;26.03.2014;H-1B;15.09.2014;14.09.2017;TASACOM TECHNOLOGIES, INC.;GATEWAY TOWER;DALLAS;TX;75251;15-1132;Software Developers, Applications;COMPUTER SOFTWARE ENGINEER;62500;;Year;Y;1;DALLAS;TX;62379;Year;Other;OFLC DATA CENTER;2013;;;;;;;;541511
I-200-10028-416653;CERTIFIED;26.02.2014;04.03.2014;H-1B;10.03.2014;01.03.2017;TASACOM TECHNOLOGIES, INC.;GATEWAY TOWER;DALLAS;TX;75251;15-1031.00;Computer Software Engineers, Applications;COMPUTER SOFTWARE ENGINEER;63000;;Year;Y;1;DALLAS;TX;62379.00;Year;Other;OFLC DATA CENTER;2014;;;;;;;;541511
I-200-10028-562136;CERTIFIED;26.02.2014;04.03.2014;H-1B;03.03.2014;01.03.2017;TASACOM TECHNOLOGIES, INC.;GATEWAY TOWER;DALLAS;TX;75251;15-1132;Software Developers, Applications;SOFTWARE ENGINEER;63000;;Year;Y;1;DALLAS;TX;62379.00;Year;Other;OFLC DATA CENTER;2014;;;;;;;;541511
I-200-10034-500633;CERTIFIED;01.04.2014;07.04.2014;H-1B;01.04.2014;17.01.2017;AMENSYS INC;860 HEBRON PKWY, STE# 604;LEWISVILLE;TX;75057;15-1131;Computer Programmers;COMPUTER PROGRAMMER;60000;;Year;Y;1;HARTFORD;CT;40914.00;Year;OES;OFLC ONLINE DATA CENTER;2013;ISELIN;NJ;52770.00;Year;OES;OFLC ONLINE DATA CENTER;OFLC ONLINE DATA CENTER;541511
I-200-10034-651606;CERTIFIED;12.03.2014;18.03.2014;H-1B;28.08.2014;27.08.2017;MC10 INC.;9 CAMP STREET;CAMBRIDGE;MA;02140;17-2071;Electrical Engineers;PROCESS ENGINEER;94500;;Year;Y;1;CAMBRIDGE;MA;88858.00;Year;OES;OFLC ONLINE DATA CENTER;2013;;;;;;;;334111
I-200-10036-487123;CERTIFIED;23.04.2014;29.04.2014;H-1B;05.05.2014;05.05.2017;CCH INCORPORATED;2700 LAKE COOK ROAD;RIVERWOODS;IL;60015;15-1132;Software Developers, Applications;SOFTWARE ENGINEER III;93267;159500;Year;Y;1;TORRANCE;CA;93267.00;Year;OES;OFLC ONLINE DATA CENTER;2013;;;;;;;;511210
I-200-10043-357283;CERTIFIED;06.11.2013;13.11.2013;H-1B;25.11.2013;24.11.2016;WELLPOINT, INC.;1 WELLPOINT WAY;THOUSAND OAKS;CA;91362;15-1199;Computer Occupations, All Other;IT QUALITY CONTROL ANALYST SENIOR;71989;83304;Year;Y;1;RICHMOND;VA;71989.00;Year;OES;OFLC ONLINE DATA CENTER;2013;RICHMOND;VA;71989.00;Year;OES;OFLC ONLINE DATA CENTER;OFLC ONLINE DATA CENTER;524114
I-200-10043-738928;CERTIFIED-WITHDRAWN;12.02.2010;18.04.2014;H-1B;15.02.2010;14.02.2013;CENTAURUS TECHNOLOGY PARTNERS, LLC;5005 W.ROYAL LANE;IRVING;TX;75063;15-1052.00;Computer Systems Analysts, Non R&D (ACWIA Only);SYSTEM ANALYST;65000;70000;Year;Y;1;ADDISON;TX;64334.00;Year;OES;OFLC ONLINE DATA CENTER;2010;;;;;;;;54151
I-200-10046-060512;CERTIFIED-WITHDRAWN;03.10.2011;21.08.2014;H-1B;10.10.2011;10.10.2014;NUL SYSTEM SERVICES CORPORATION;3945 FREEDOM CIRCLE, SUITE 430;SANTA CLARA;CA;95054;15-1142;Network and Computer Systems Administrators;IT SERVICE MANAGER;130000;;Year;Y;1;SANTA CLARA;CA;112681.00;Year;OES;APWD, INC.: OFLC ONLINE DATA CENTER;2011;NEW YORK CITY;NY;101171.00;Year;OES;APWD, INC.: OFLC ONLINE DATA CENTER;APWD, INC.: OFLC ONLINE DATA CENTER;541512
I-200-10054-885919;CERTIFIED;04.11.2013;13.11.2013;H-1B;18.11.2013;22.09.2016;WELLPOINT, INC.;1 WELLPOINT WAY;THOUSAND OAKS;CA;91362;15-1132;Software Developers, Applications;DEVELOPER ADVISOR;90600;105000;Year;Y;1;HENRICO;VA;90600;Year;Other;TOWERS WATSON: PROFESSIONAL (TECHNICAL AND OPERATIONS) COMPENSATION SURVEY;2013;;;;;;;;524114
I-200-10055-455289;CERTIFIED-WITHDRAWN;21.05.2013;02.05.2014;H-1B;28.05.2013;27.05.2016;SPARTAN SOLUTIONS INC;2851 STAGE VILLAGE COVE;BARTLETT;TN;38134;15-1121;Computer Systems Analysts;SAP FUNCTIONAL ANALYST;83000;;Year;Y;1;MARLBOROUGH;MA;82680;Year;Other;FLC DATA CENTER ONLINE WAGE LIBRARY;2012;;;;;;;;541511
I-200-10062-882205;CERTIFIED;15.05.2014;21.05.2014;H-1B;14.11.2014;26.07.2017;MIRIMUS, INC.;1 BUNGTOWN ROAD;COLD SPRING HARBOR;NY;11724;19-4021;Biological Technicians;PROJECT MANAGER (GENETICALLY ENGINEERED MOUSE MODE;57540;;Year;Y;1;COLD SPRING HARBOR;NY;48214;Year;OES;OFLC ONLINE DATA CENTER;2014;;;;;;;;541711
I-200-10064-055302;CERTIFIED;17.09.2014;23.09.2014;H-1B;06.10.2014;05.10.2017;VMWARE, INC.;3401 HILLVIEW AVE;PALO ALTO;CA;94304;15-1132;Software Developers, Applications;MEMBER OF TECHNICAL STAFF - SOFTWARE ENGINEER;135000;;Year;Y;1;PALO ALTO;CA;98557.00;Year;Other;RADFORD GLOBAL TECHNOLOGY SURVEY;2014;;;;;;;;541511
I-200-10064-148654;CERTIFIED-WITHDRAWN;05.03.2010;18.04.2014;H-1B;15.03.2010;14.03.2013;CENTAURUS TECHNOLOGY PARTNERS, LLC;5005 W.ROYAL LANE;IRVING;TX;75063;15-1052.00;Computer Systems Analysts, Non R&D (ACWIA Only);SYSTEM ANALYST;60694;;Year;Y;1;TEMPLE TERRANCE;FL;60694.00;Year;OES;OFLC ONLINE DATA CENTER;2010;;;;;;;;54151
I-200-10067-202572;CERTIFIED;08.03.2014;13.03.2014;H-1B;30.05.2014;30.05.2017;ADVENTIST HEALTH SYSTEM/SUNBELT INC;711 EAST ALTAMONTE DRIVE;ALTAMONTE SPRINGS;FL;32701;29-2011;Medical and Clinical Laboratory Technologists;MEDICAL TECHNOLOGIST;24.27;;Hour;Y;1;CELEBRATION;FL;23.03;Hour;OES;OFLC ONLINE DATA CENTER;2014;;;;;;;;62211
I-200-10068-550475;CERTIFIED-WITHDRAWN;21.06.2013;01.07.2014;H-1B;29.07.2013;28.07.2016;VISTAPRINT USA, INCORPORATED;95 HAYDEN AVENUE;LEXINGTON;MA;02421;15-1132;Software Developers, Applications;LEAD SOFTWARE ENGINEER;86000;125000;Year;Y;1;LEXINGTON;MA;85446.00;Year;OES;OFLC ONLINE DATA CENTER;2012;;;;;;;;323119
I-200-10068-750324;CERTIFIED;17.09.2014;23.09.2014;H-1B;06.10.2014;05.10.2017;VMWARE, INC.;3401 HILLVIEW AVE;PALO ALTO;CA;94304;15-1199;Computer Occupations, All Other;BUSINESS ANALYST - BUSINESS INTELLIGENCE REPORTING;110000;;Year;Y;1;PALO ALTO;CA;79969.00;Year;Other;RADFORD GLOBAL TECHNOLOGY SURVEY;2014;;;;;;;;541511
I-200-10069-898837;CERTIFIED;13.03.2014;19.03.2014;H-1B;10.09.2014;10.09.2017;OAK LEAF CONSTRUCTION, INC.;2130 POST STREET #310;SAN FRANCISCO;CA;94115;13-2011;Accountants and Auditors;COST ACCOUNTANT;26.5;;Hour;N;1;SAN FRANCISCO;CA;26.49;Hour;OES;OFLC ONLINE WAGE LIBRARY;2013;;;;;;;;2361
I-200-10070-075032;WITHDRAWN;26.03.2014;26.03.2014;H-1B;22.09.2014;21.09.2017;COMPVUE, INC.;440 N WOLFE RD;SUNNYVALE;CA;94085;15-1031.00;Computer Software Engineers, Applications;SOFTWARE ENGINEER;75000;;Year;Y;1;COMPTON;CA;63856.00;Year;OES;OFLC ONLINE DATA CENTER;2014;;;;;;;;541511
I-200-10070-102987;CERTIFIED;08.04.2014;14.04.2014;H-1B;21.07.2014;20.07.2017;COMMUNITY HEALTH CENTER OF SNOHOMISH COUNTY;8609 EVERGREEN WAY;EVERETT;WA;98208;29-1063;Internists, General;PHYSICIAN;140000;203000;Year;Y;1;EVERETT;WA;135158.00;Year;OES;OFLC ONLINE DATA CENTER;2013;;;;;;;;621498
I-200-10074-809447;CERTIFIED-WITHDRAWN;21.08.2012;17.09.2014;H-1B;07.09.2012;06.09.2015;SID COMPUTER GROUP INC.;185 HUDSON STREET, SUITE 2340;JERSEY CITY;NJ;07302;15-1121;Computer Systems Analysts;SAP FICO ANALYST;83637;;Year;Y;1;SUNNYVALE;CA;83637.00;Year;Other;OFLC ONLINE DATA CENTER;2012;JERSEY CITY;NJ;75878.00;Year;Other;OFLC ONLINE DATA CENTER;OFLC ONLINE DATA CENTER;541511
I-200-10075-164728;DENIED;07.11.2013;14.11.2013;H-1B;15.09.2010;15.09.2013;CHALLENGER SPORTS CORP.;8263 FLINT;LENEXA;KS;66214;19-3021.00;Market Research Analysts;MARKET RESEARCH ANALYST:  PROGRAMS AND TOURS;37149;37149;Year;Y;1;SMYRNA;GA;37149.00;Year;Other;FLC ONLINE DATA SURVEY;2009;;;;;;;;61131
I-200-10076-219246;CERTIFIED;23.09.2014;29.09.2014;H-1B;13.10.2014;12.10.2017;VMWARE, INC.;3401 HILLVIEW AVE;PALO ALTO;CA;94304;15-1199;Computer Occupations, All Other;SENIOR QUALITY ASSURANCE ENGINEER;118000;;Year;Y;1;PALO ALTO;CA;111742.00;Year;Other;RAFORD GLOBAL TECHNOLOGY SURVEY;2014;;;;;;;;541511
I-200-10077-564188;CERTIFIED;21.03.2014;27.03.2014;H-1B;20.09.2014;20.09.2017;UP ALL NIGHT CORP;3701 KIRBY DRIVE;HOUSTON;TX;77098;27-3031;Public Relations Specialists;PUBLIC RELATIONS ACCOUNT EXECUTIVE;35000;45000;Year;Y;1;HOUSTON;TX;33072.00;Year;OES;OFLC ONLINE DATA CENTER;2013;;;;;;;;541810
I-200-10078-083188;CERTIFIED-WITHDRAWN;07.04.2011;18.10.2013;H-1B;09.09.2011;08.09.2014;PFIZER INC;235 EAST 42ND STREET;NEW YORK;NY;10017;19-2031.00;Chemists;SENIOR ASSOCIATE SCIENTIST;62500;93800;Year;Y;1;GROTON;CT;57242;Year;OES;OFLC ONLINE DATA CENTER;2010;;;;;;;;325412
I-200-10078-137823;CERTIFIED;10.03.2014;14.03.2014;H-1B;05.09.2014;05.09.2017;SOLVOYO CO;77 FRANKLIN STREET;BOSTON;MA;02110;11-3031;Financial Managers;VICE PRESIDENT OF FINANCE;80000;100000;Year;Y;1;BOSTON;MA;78062.00;Year;OES;OFLC ONLINE DATA CENTER;2013;;;;;;;;541519
I-200-10081-064856;CERTIFIED;04.03.2014;10.03.2014;H-1B;03.09.2014;02.09.2017;LE SUEUR INC.;1409 VINE STREET;LE SUEUR;MN;56058;17-2141;Mechanical Engineers;DIRECTOR OF ENGINEERING;126000;;Year;Y;1;LE SUEUR;MN;83845.00;Year;OES;OFLC ONLINE WAGE LIBRARY;2014;;;;;;;;333511
I-200-10081-802098;CERTIFIED;10.03.2014;14.03.2014;H-1B;09.09.2014;08.09.2017;BIOSS INC.;500 WEST CUMMINGS PARK;WOBURN;MA;01801;13-2011;Accountants and Auditors;CORPORATE ACCOUNTANT;49920;;Year;Y;1;WOBURN;MA;48194.00;Year;Other;ONLINE FLC DATA CENTER;2014;;;;;;;;325411
I-200-10082-481608;DENIED;10.03.2014;17.03.2014;H-1B;09.09.2014;08.09.2017;JIN HONG;77 PINE RIDGE DRIVE;AYER;MA;01432;15-1141;Database Administrators;DATABASE ADMINISTRATOR;22.22;;Hour;N;1;BILLERICA;MA;22.22;Hour;Other;OFLC;2014;;;;;;;;541710
I-200-10084-679493;CERTIFIED-WITHDRAWN;02.11.2010;29.10.2013;H-1B;15.11.2010;14.11.2013;NEC SPHERE COMMUNICATIONS, INC.;300 TRI-STATE INTERNATIONAL, SUITE 150;LINCOLNSHIRE;IL;60069;15-1031.00;Computer Software Engineers, Applications;SENIOR SOFTWARE ENGINEER;81598;82800;Year;Y;1;LINCOLNSHIRE;IL;81598;Year;OES;OFLC ONLINE DATA CENTER;2010;;;;;;;;334210
I-200-10085-662098;CERTIFIED-WITHDRAWN;26.03.2010;03.01.2014;H-1B;24.09.2010;23.09.2013;THE UNITED SOLUTIONS GROUP INC.;2 WISSAHICKON AVE;AMBLER;PA;19002;15-1032.00;Computer Software Engineers, Systems Software;SOFTWARE ENGINEER;66560;;Year;Y;1;AMBLER;PA;65291.00;Year;OES;OFLC ONLINE DATA CENTER;2010;COLUMBIA;SC;55099.00;Year;OES;OFLC ONLINE DATA CENTER;OFLC ONLINE DATA CENTER;541511
I-200-10090-643045;CERTIFIED-WITHDRAWN;24.11.2010;14.11.2013;H-1B;06.12.2010;06.12.2013;HITACHI DATA SYSTEMS CORPORATION;750 CENTRAL EXPRESSWAY;SANTA CLARA;CA;95050;15-1031.00;Computer Software Engineers, Applications;SOFTWARE DEVELOPMENT ENGINEER;82035;85000;Year;Y;1;SANTA CLARA;CA;82035;Year;OES;OFLC ONLINE DATA CENTER;2010;;;;;;;;541511
I-200-10090-752331;CERTIFIED;14.04.2014;21.04.2014;H-1B;17.09.2014;16.09.2017;KINGLAND SYSTEMS CORPORATION;1401 6TH AVE SOUTH;CLEAR LAKE;IA;50428;15-1121;Computer Systems Analysts;PROFESSIONAL SOLUTION ANALYST;59418;;Year;Y;1;CLEAR LAKE;IA;37523.00;Year;OES;OFLC ONLINE WAGE LIBRARY;2013;MINNEAPOLIS;MN;57970.00;Year;OES;OFLC ONLINE WAGE LIBRARY;OFLC ONLINE WAGE LIBRARY;541519
I-200-10102-762348;WITHDRAWN;17.04.2014;24.04.2014;H-1B;20.09.2010;20.09.2013;;;;;;17-2031.00;Biomedical Engineers;SR. RESEARCH ENGINEER;;;;Y;1;;;;;;;;;;;;;;;
I-200-10106-649313;CERTIFIED;30.01.2014;06.02.2014;H-1B;01.06.2014;01.06.2017;LHB, INC.;21 WEST SUPERIOR STREET;DULUTH;MN;55802;15-2011;Actuaries;ANALYST;20000;;Year;Y;1;VALENTINE;HI;20000;Year;OES;OFLC ONLINE WAGE LIBRARY;2014;;;;;;;;541330
I-200-10106-798993;CERTIFIED;20.05.2014;27.05.2014;H-1B;01.10.2014;30.09.2017;F.O. USA, INC.;410 COLUMBUS AVENUE;NEW YORK;NY;10024;19-3021.00;Market Research Analysts;MARKET RESEARCH ANALYSTS;29.62;;Hour;N;1;NEW YORK;NY;29.62;Hour;OES;OFLC ONLINE DATA CENTER;2014;;;;;;;;448130
I-200-10109-918237;CERTIFIED;09.03.2014;13.03.2014;H-1B;07.09.2014;06.09.2017;SMART FOLKS INC;44837 LAFAYETTE DR;NOVI;MI;48377;15-1132;Software Developers, Applications;SOFTWARE DEVELOPER;61755;;Year;Y;1;WESTMINSTER;CO;61755.00;Year;Other;OFLC ONLINE DATA CENTER;2013;;;;;;;;541511
I-200-10112-269752;CERTIFIED-WITHDRAWN;16.03.2012;04.06.2014;H-1B;09.04.2012;08.04.2015;MAGENIC TECHNOLOGIES, INC.;1600 UTICA AVENUE SOUTH;ST. LOUIS PARK;MN;55416;15-1132;Software Developers, Applications;SENIOR CONSULTANT;125000;;Year;Y;1;SAN FRANCISCO;CA;122200;Year;Other;OFLC ONLINE WAGE LIBRARY;2012;;;;;;;;541511
I-200-10117-226427;CERTIFIED;30.04.2014;06.05.2014;H-1B;12.05.2014;12.05.2017;JPMORGAN CHASE & CO.;10 SOUTH DEARBORN STREET;CHICAGO;IL;60603;11-9199;Managers, All Other;ASSISTANT VICE PRESIDENT AUDIT COMPLIANCE TECHNOLO;110000;;Year;Y;1;NEW YORK;NY;105726.00;Year;OES;OFLC ONLINE DATA CENTER;2013;;;;;;;;551112
I-200-10117-359404;CERTIFIED;28.04.2014;02.05.2014;H-1B;05.05.2014;05.05.2017;JPMORGAN CHASE & CO.;10 SOUTH DEARBORN STREET;CHICAGO;IL;60603;15-1132;Software Developers, Applications;SENIOR QUANTITATIVE DEVELOPER  ;140000;;Year;Y;1;NEW YORK;NY;105789.00;Year;OES;OFLC ONLINE DATA CENTER;2013;;;;;;;;551112
I-200-10119-288408;CERTIFIED;28.10.2013;01.11.2013;H-1B;06.01.2014;06.01.2017;HEADSTRONG SERVICES LLC;11911 FREEDOM DRIVE;RESTON;VA;20190;15-1199;Computer Occupations, All Other;QA LEAD;62566;69197;Year;Y;1;JERSEY CITY;NJ;62566.00;Year;OES;OFLC ONLINE DATA CENTER;2013;NEW YORK;NY;62566.00;Year;OES;OFLC ONLINE DATA CENTER;OFLC ONLINE DATA CENTER;541611
I-200-10119-408004;CERTIFIED;25.10.2013;01.11.2013;H-1B;04.11.2013;04.11.2016;HEADSTRONG SERVICES LLC;11911 FREEDOM DRIVE;RESTON;VA;20190;15-1131;Computer Programmers;DEVELOPER;71677;100000;Year;Y;1;DUBLIN;OH;71677.00;Year;OES;OFLC ONLINE DATA CENTER;2013;;;;;;;;541611
I-200-10122-903079;DENIED;28.03.2014;07.04.2014;H-1B;25.09.2014;25.09.2017;INTERNATIONAL SOLUTIONS GROUP, INC.;1110 ELDEN STREET;HERNDON;VA;20170;13-1071;Human Resources Specialists;IT RECRUITER / HR SPECIALIST;50000;;Year;Y;1;HERNDON;VA;49566.00;Year;OES;N/A;2014;;;;;;;;541511
I-200-10124-538196;CERTIFIED-WITHDRAWN;06.03.2014;14.03.2014;H-1B;01.09.2014;01.09.2017;RESCON, INC.;4526 CHELTENHAM DRIVE;BETHESDA;MD;20814;15-1132;Software Developers, Applications;TPF APPLICATIONS DEVELOPER;85000;;Year;Y;1;BETHESDA;MD;71718;Year;OES;OFLC ONLINE DATA CENTER;2013;;;;;;;;541519
I-200-10124-984110;CERTIFIED;11.03.2014;17.03.2014;H-1B;10.09.2014;10.09.2017;THE RUSSIAN SCHOOL OF MATHEMATICS, INC;200 WELLS AVENUE;NEWTON;MA;02459;15-1133;Software Developers, Systems Software;SOFTWARE ENGINEER;85000;;Year;Y;1;NEWTON;MA;75920.00;Year;Other;OFLC ONLINE DATA CENTER;2013;;;;;;;;6116
I-200-10125-275047;CERTIFIED-WITHDRAWN;11.10.2011;12.11.2013;H-1B;14.10.2011;13.10.2014;ZYNGA INC.;444 DE HARO STREET;SAN FRANCISCO;CA;94107;15-1121;Computer Systems Analysts;ASSOCIATE SYSTEMS ADMINISTRATOR;63107;90000;Year;Y;1;SAN FRANCISCO;CA;63107;Year;OES;OFLC ONLINE DATA CENTER;2011;SAN FRANCISCO;CA;63107;Year;OES;OFLC ONLINE DATA CENTER;OFLC ONLINE DATA CENTER;516110
I-200-10125-596267;CERTIFIED-WITHDRAWN;15.07.2013;30.10.2013;H-1B;15.07.2013;14.07.2016;ICONSOFT INC.;101 CAMBRIDGE STREET;BURLINGTON;MA;01803;15-1132;Software Developers, Applications;SOFTWARE ENGINEER;80000;;Year;Y;1;ST. LOUIS;MO;76128.00;Year;Other;FLC DATA CENTER ONLINE WAGE LIBRARY;2013;;;;;;;;541511
I-200-10126-175157;CERTIFIED;21.07.2014;25.07.2014;H-1B;21.07.2014;20.07.2017;UNIFIED BUSINESS TECHNOLOGIES, INC;353 INDUSCO CT;TROY;MI;48083;15-1121;Computer Systems Analysts;PROGRAMMER ANALYST;60000;;Year;Y;1;CHICAGO;IL;55245.00;Year;OES;OFLC ONLINE DATA CENTER;2014;;;;;;;;541519
I-200-10127-239757;CERTIFIED-WITHDRAWN;06.03.2014;14.03.2014;H-1B;01.09.2014;01.09.2017;RESCON, INC.;4526 CHELTENHAM DRIVE;BETHESDA;MD;20814;15-1132;Software Developers, Applications;TPF APPLICATIONS DEVELOPER;85000;;Year;Y;1;BETHESDA;MD;71718;Year;OES;OFLC ONLINE DATA CENTER;2013;;;;;;;;541519
I-200-10134-474788;CERTIFIED-WITHDRAWN;06.03.2014;14.03.2014;H-1B;01.09.2014;01.09.2017;RESCON, INC.;4526 CHELTENHAM DRIVE;BETHESDA;MD;20814;15-1132;Software Developers, Applications;SENIOR TPF APPLICATIONS DEVELOPER/TECHNICAL LEAD;100000;;Year;Y;1;BETHESDA;MD;87006.00;Year;OES;OFLC ONLINE DATA CENTER;2013;;;;;;;;541519
I-200-10138-299218;CERTIFIED-WITHDRAWN;18.05.2010;18.04.2014;H-1B;24.05.2010;23.05.2013;CENTAURUS TECHNOLOGY PARTNERS, LLC;5005 W.ROYAL LANE;IRVING;TX;75063;15-1052.00;Computer Systems Analysts, Non R&D (ACWIA Only);SYSTEM ANALYST;60944;;Year;Y;1;JERSEY CITY;NJ;60944.00;Year;OES;OFLC ONLINE DATA CENTER;2010;;;;;;;;54151
I-200-10138-698917;CERTIFIED-WITHDRAWN;05.06.2010;31.10.2013;H-1B;01.12.2010;30.11.2013;OREGON STATE UNIVERSITY;OFFICE OF INTERNATIONAL PROGRAMS;CORVALLIS;OR;97331;25-1071.00;Health Specialties Teachers, Postsecondary;ASSISTANT PROFESSOR;52.57;;Hour;N;1;CORVALLIS;OR;29.40;Hour;OES;OFLC ONLINE DATA CENTER;2009;;;;;;;;611310
I-200-10140-961035;CERTIFIED;11.03.2014;17.03.2014;H-1B;09.09.2014;08.09.2017;ARNAMY, INC.;3050 HIGHLAND OAKS TERRACE;TALLAHASSEE;FL;32301;15-1132;Software Developers, Applications;PROGRAMMER ANALYST;48000;;Year;Y;1;TALLAHASSEE;FL;45448.00;Year;OES;OFLC ONLINE DATA CENTER;2013;;;;;;;;541511
I-200-10144-104616;CERTIFIED-WITHDRAWN;15.12.2010;19.03.2014;H-1B;01.05.2011;30.04.2014;ROCHESTER INSTITUTE OF TECHNOLOGY;8 LOMB MEMORIAL DRIVE;ROCHESTER;NY;14623;25-1011.00;Business Teachers, Postsecondary;ASSISTANT PROFESSOR;115000;125000;Year;Y;1;ROCHESTER;NY;54330.00;Year;OES;OFLC ONLINE DATA CENTER;2010;;;;;;;;611310
I-200-10144-336913;CERTIFIED;16.06.2014;20.06.2014;H-1B;01.08.2014;31.07.2017;UNIVERSITY OF MINNESOTA;516 - 15TH AVENUE SOUTHEAST;MINNEAPOLIS;MN;55455;25-1199;Postsecondary Teachers, All Other;INSTRUCTOR/ASSOCIATE HEAD COACH;44723;;Year;Y;1;MINNEAPOLIS;MN;44723.00;Year;OES;OFLC ONLINE DATA CENTER;2013;;;;;;;;611310
I-200-10144-937597;CERTIFIED-WITHDRAWN;23.08.2010;15.11.2013;H-1B;01.01.2011;31.12.2013;NEA CONSULTING, INC.;12 ROSZEL ROAD;PRINCETON;NJ;08540;15-1051.00;Computer Systems Analysts;PROGRAMMER ANALYST;66840;;Year;Y;1;MELVILLE;NY;54122.00;Year;OES;OFLC ONLINE DATA CENTER;2010;;;;;;;;541511
I-200-10146-697955;WITHDRAWN;28.01.2014;28.01.2014;H-1B;01.12.2010;01.12.2013;;;;;;17-2072.00;Electronics Engineers, Except Computer;SR. DESIGN ENGINEER;;;;Y;1;;;;;;;;;;;;;;;
I-200-10148-753722;CERTIFIED-WITHDRAWN;17.08.2011;16.06.2014;H-1B;01.10.2011;30.09.2014;NETUITIVE, INC.;12700 SUNRISE VALLEY DRIVE;RESTON;VA;20191;15-1799;Computer Occupations, All Other;QUALITY ASSURANCE ENGINEER;70000;;Year;Y;1;RESTON;VA;62600.00;Year;Other;TOWERS WATSON PROFESSIONAL SPECIALIZED SERVICES PERSONNEL COMPENSATION;2010;;;;;;;;541511
I-200-10148-837318;CERTIFIED;29.04.2014;05.05.2014;H-1B;21.06.2014;21.06.2017;CCH INCORPORATED;2700 LAKE COOK ROAD;RIVERWOODS;IL;60015;15-1133;Software Developers, Systems Software;APPLICATIONS DEVELOPER II;81474;107300;Year;Y;1;KENNESAW;GA;81474.00;Year;OES;OFLC ONLINE DATA CENTER;2013;;;;;;;;511210
I-200-10153-471167;CERTIFIED-WITHDRAWN;02.06.2010;20.11.2013;H-1B;01.12.2010;30.11.2013;INDIANA UNIV. PURDUE UNIV. INDIANAPOLIS;C/O OFF. OF INTL AFFAIRS;INDIANAPOLIS;IN;46202;19-1029.00;Biological Scientists, All Other;POSTDOCTORAL RESEARCH ASSOCIATE;38620;;Year;Y;1;GARY;IN;33405.00;Year;OES;N/A;2010;;;;;;;;611310
I-200-10155-704164;CERTIFIED-WITHDRAWN;04.06.2010;18.10.2013;H-1B;04.12.2010;03.12.2013;JAPAN BUSINESS SYSTEMS TECHNOLOGY;1899 WESTERN WAY;TORRANCE;CA;90501;27-3041.00;Editors;PROPOSAL EDITOR;33758;;Year;Y;1;TORRANCE;CA;33758.00;Year;OES;OFLC ONLINE DATA CENTER;2009;;;;;;;;519190
I-200-10162-700708;CERTIFIED;22.05.2014;29.05.2014;H-1B;29.06.2014;29.06.2017;HEALTH LANGUAGE, INC.;2700 LAKE COOK ROAD;RIVERWOODS;IL;60015;17-2031;Biomedical Engineers;SENIOR PRODUCT SUPPORT CONSULTANT;72530;143948.12;Year;Y;1;DENVER;CO;72530.00;Year;OES;OFLC ONLINE DATA CENTER;2013;;;;;;;;5417
I-200-10162-830147;CERTIFIED;09.06.2014;14.06.2014;H-1B;22.06.2014;21.06.2017;CCH INCORPORATED;2700 LAKE COOK ROAD;RIVERWOODS;IL;60015;15-1132;Software Developers, Applications;APPLICATIONS DEVELOPER III;69659;94512.81;Year;Y;1;IOWA CITY;IA;69659.00;Year;OES;OFLC ONLINE DATA CENTER;2013;;;;;;;;511210
I-200-10165-369746;WITHDRAWN;28.01.2014;28.01.2014;H-1B;02.12.2010;01.12.2013;ADVANCED MICRO DEVICES, INC.;ONE AMD PLACE;SUNNYVALE;CA;94088;17-2072.00;Electronics Engineers, Except Computer;SENIOR DESIGN ENGINEER;91187;130174;Year;Y;1;SUNNYVALE;CA;91187.00;Year;OES;OFLC ONLINE DATA CENTER;2009;;;;;;;;54151
I-200-10165-690070;CERTIFIED-WITHDRAWN;18.08.2014;23.09.2014;H-1B;01.09.2014;31.08.2015;JOHNS HOPKINS UNIVERSITY;1620 MCELDERRY STREET;BALTIMORE;MD;21205;19-1021;Biochemists and Biophysicists;RESEARCH ASSOCIATE;63900;;Year;Y;1;BALTIMORE;MD;35464.00;Year;Other;OFLC ONLINE DATA CENTER;2014;;;;;;;;611310
I-200-10165-740671;CERTIFIED-WITHDRAWN;21.07.2011;08.04.2014;H-1B;01.08.2011;01.08.2014;THE J. DAVID GLADSTONE INSTITUTES;1650 OWENS STREET;SAN FRANCISCO;CA;94158;19-1029;Biological Scientists, All Other;BIOINFORMATICS FELLOW;48200;57900;Year;Y;1;SAN FRANCISCO;CA;46155;Year;OES;OFLC ONLINE DATA CENTER;2011;;;;;;;;541711
I-200-10165-753565;WITHDRAWN;28.01.2014;28.01.2014;H-1B;18.11.2010;17.11.2013;ADVANCED MICRO DEVICES, INC.;ONE AMD PLACE;SUNNYVALE;CA;94088;17-2072.00;Electronics Engineers, Except Computer;SENIOR PRODUCT DEVELOPMENT ENGINEER;66123;95469;Year;Y;1;AUSTIN;TX;66123.00;Year;OES;OFLC ONLINE DATA CENTER;2009;;;;;;;;54151
I-200-10169-578863;CERTIFIED;30.09.2013;22.10.2013;H-1B;14.12.2013;13.12.2016;STATOIL US HOLDINGS INC.;120 LONG RIDGE ROAD;STAMFORD;CT;06902;13-2051;Financial Analysts;SENIOR INVESTMENT ANALYST;160000;;Year;Y;1;STAMFORD;CT;124342;Year;OES;OFLC ONLINE DATA CENTER;2013;;;;;;;;213112
I-200-10173-792925;CERTIFIED-WITHDRAWN;09.04.2013;18.09.2014;H-1B;16.08.2013;15.08.2016;WASHINGTON STATE UNIVERSITY;WASHINGTON STATE UNIV., INT'L PROGS-GLOBAL SERVICE;PULLMAN;WA;99164-5110;25-1032;Engineering Teachers, Postsecondary;ASSISTANT PROFESSOR;71000;;Year;Y;1;VANCOUVER;WA;61530.00;Year;OES;OFLC ONLINE DATA CENTER;2012;;;;;;;;611310
I-200-10180-099734;CERTIFIED-WITHDRAWN;29.06.2010;24.10.2013;H-1B;13.12.2010;12.12.2013;ADVENT GLOBAL SOLUTIONS INC.;12777 JONES ROAD;HOUSTON;TX;77070;15-1051.00;Computer Systems Analysts;SYSTEMS ANALYST;60000;;Year;Y;1;HOUSTON;TX;47362;Year;Other;'OFLC ONLINE DATA CENTER';2009;MENOMONEE FALLS;WI;47466;Year;Other;'OFLC ONLINE DATA CENTER';'OFLC ONLINE DATA CENTER';541511
I-200-10180-484953;CERTIFIED-WITHDRAWN;02.08.2013;06.05.2014;H-1B;02.08.2013;01.08.2016;INTONE NETWORKS INC.;10 AUSTIN AVENUE;ISELIN;NJ;08830;15-1131;Computer Programmers;CLINICAL STATISTICAL PROGRAMMER;60000;;Year;Y;1;WAYNE;PA;50045.00;Year;Other;FLC DATA CENTER ONLINE WAGE LIBRARY;2013;;;;;;;;541519
I-200-10183-037245;CERTIFIED;02.09.2014;08.09.2014;H-1B;01.02.2015;31.01.2016;THE JOHNS HOPKINS UNIVERSITY;1620 MCELDERRY STREET;BALTIMORE;MD;21205;19-1029;Biological Scientists, All Other;POSTDOCTORAL RESEARCH FELLOW;52466;;Year;Y;1;BALTIMORE;MD;44824;Year;Other;OFLC ONLINE DATA CENTER;2014;;;;;;;;611310
I-200-10187-154992;CERTIFIED;18.10.2013;26.10.2013;H-1B;01.11.2013;31.10.2016;BLUECROSS BLUESHIELD OF TENNESSEE;1 CAMERON HILL CIRCLE;CHATTANOOGA;TN;37402;15-1132;Software Developers, Applications;REPORTING SOLUTIONS CONSULTANT II;85466;115480;Year;Y;1;CHATTANOOGA;TN;85446.00;Year;OES;OFLC ONLINE DATA CENTER;2013;;;;;;;;524114
I-200-10187-268419;CERTIFIED-WITHDRAWN;06.07.2010;25.11.2013;H-1B;01.12.2010;30.11.2013;CHILDREN'S HOSPITAL CORPORATION;300 LONGWOOD AVENUE;BOSTON;MA;02115;19-1042.00;Medical Scientists, Except Epidemiologists;POST-DOCTORAL RESEARCH FELLOW;42298;;Year;Y;1;BOSTON;MA;39229;Year;OES;OFLC ONLINE DATA CENTER;2010;;;;;;;;622310
I-200-10187-668549;CERTIFIED;10.01.2014;16.01.2014;H-1B;17.01.2014;16.01.2017;JOHNSONVILLE SAUSAGE, LLC;N6928 JOHNSONVILLE WAY;SHEBOYGAN FALLS;WI;53085;13-1111;Management Analysts;STRATEGIC INSIGHTS & ANALYTICS ANALYST;62500;;Year;Y;1;SHEBOYGAN FALLS;WI;59134;Year;OES;OFLC ONLINE DATA CENTER;2013;;;;;;;;311615
I-200-10193-859176;WITHDRAWN;12.07.2010;31.12.2013;H-1B;01.01.2011;31.12.2013;THE UNIVERSITY OF TEXAS HEALTH SCIENCE CENTER AT H;7000 FANNIN STREET , SUITE  # 130;HOUSTON;TX;77030;19-1042.00;Medical Scientists, Except Epidemiologists;POSTDOCTORAL FELLOW;44304;;Year;Y;1;HOUSTON;TX;33155;Year;OES;;2010;;;;;;;;611310
I-200-10195-858885;CERTIFIED-WITHDRAWN;27.07.2010;12.11.2013;H-1B;10.01.2011;10.01.2014;SIEMENS MEDICAL SOLUTIONS USA, INC.;2501 NORTH BARRINGTON RD.;HOFFMAN ESTATES;IL;60192;15-1031.00;Computer Software Engineers, Applications;SOFTWARE ENGINEER 1;56000;;Year;Y;1;KNOXVILLE;TN;47674;Year;OES;OFLC ONLINE DATA CENTER;2010;;;;;;;;33911
I-200-10196-418201;CERTIFIED-WITHDRAWN;26.07.2010;30.10.2013;H-1B;14.01.2011;14.01.2014;UNITED AIRLINES, INC.;1200 E. ALGONQUIN ROAD;ELK GROVE VILLAGE;IL;60007;15-2031.00;Operations Research Analysts;LEAD PROGRAMMER ANALYST;81156;;Year;Y;1;ELK  GROVE VILLAGE;IL;60258.00;Year;OES;OFLC ONLINE DATA CENTER;2010;CHICAGO;IL;60258;Year;OES;OFLC ONLINE DATA CENTER;OFLC ONLINE DATA CENTER;481000
I-200-10196-639066;CERTIFIED;18.10.2013;26.10.2013;H-1B;18.10.2013;01.10.2016;HEADSTRONG SERVICES LLC;11911 FREEDOM DRIVE;RESTON;VA;20190;15-1199;Computer Occupations, All Other;QA LEAD;60000;66000;Year;Y;1;CHICAGO;IL;59738.00;Year;OES;OFLC ONLINE DATA CENTER;2013;CHICAGO;IL;59738.00;Year;OES;OFLC ONLINE DATA CENTER;OFLC ONLINE DATA CENTER;541611
I-200-10196-823143;CERTIFIED-WITHDRAWN;13.09.2012;07.05.2014;H-1B;17.09.2012;16.09.2015;MYLAN SPECIALTY L.P.;110 ALLEN ROAD;BASKING RIDGE;NJ;07920;15-1799;Computer Occupations, All Other;ASSOCIATE MANAGER, BUSINESS INTELLIGENCE & SAS ANA;95000;;Year;Y;1;BASKING RIDGE;NJ;79768.00;Year;OES;OFLC ONLINE DATA CENTER;2012;;;;;;;;325412
I-200-10200-339052;CERTIFIED-WITHDRAWN;19.07.2010;01.11.2013;H-1B;01.12.2010;30.11.2013;NEW YORK UNIVERSITY SCHOOL OF MEDICINE;550 FIRST AVENUE;NEW YORK;NY;10016;19-1021.00;Biochemists and Biophysicists;POSTDOCTORAL FELLOW;34154;;Year;Y;1;NEW YORK;NY;34154;Year;OES;N/A;2010;;;;;;;;611310
I-200-10200-537377;CERTIFIED-WITHDRAWN;28.07.2010;22.10.2013;H-1B;19.01.2011;19.01.2014;ACS TRANSPORT SOLUTIONS, INC.;2828 NORTH HASKELL AVENUE;DALLAS;TX;75204;15-1031.00;Computer Software Engineers, Applications;PROJECT MANAGER;100303.01;;Year;Y;1;SOMERSET;NJ;89024.00;Year;OES;OFLC ONLINE DATA CENTER;2010;;;;;;;;541512
I-200-10200-577272;CERTIFIED-WITHDRAWN;15.11.2010;13.11.2013;H-1B;23.11.2010;23.11.2013;HEADSTRONG SERVICES LLC;4035 RIDGE TOP ROAD;FAIRFAX;VA;22030;15-1021.00;Computer Programmers;CONSULTANT;80000;;Year;Y;1;NEW YORK;NY;65582.00;Year;OES;OFLC ONLINE DATA CENTER;2010;;;;;;;;541611
I-200-10203-283246;WITHDRAWN;22.07.2010;19.12.2013;H-1B;01.01.2011;31.12.2013;THE SCRIPPS RESEARCH INSTITUTE;10550 NORTH TORREY PINES ROAD TCP18;LA JOLLA;CA;92037;19-1021.00;Biochemists and Biophysicists;RESEARCH ASSOCIATE;38396;;Year;Y;1;LA JOLLA;CA;35838.00;Year;OES;OFLC ONLINE DATA CENTER;2010;;;;;;;;54171
I-200-10203-515386;CERTIFIED-WITHDRAWN;15.11.2010;05.11.2013;H-1B;25.04.2011;24.04.2014;TENDERLOIN NEIGHBORHOOD DEVELOPMENT CORPORATION;201 EDDY STREET;SAN FRANCISCO;CA;94102;21-1021.00;Child, Family, and School Social Workers;SOCIAL WORKER II;36379;41500;Year;Y;1;SAN FRANCISCO;CA;36379.00;Year;OES;OFLC ONLINE DATA CENTER;2010;;;;;;;;624190
I-200-10207-164694;CERTIFIED-WITHDRAWN;23.11.2011;06.12.2013;H-1B;30.11.2011;29.11.2014;M.C. DEAN, INC.;22461 SHAW ROAD;DULLES;VA;20166;17-3023;Electrical and Electronics Engineering Technicians;ELECTRICAL SUPERVISOR;33.79;;Hour;Y;1;MCLEAN;VA;33.79;Hour;OES;OFLC ONLINE DATA CENTER;2011;WASHINGTON;DC;33.79;Hour;OES;OFLC ONLINE DATA CENTER;OFLC ONLINE DATA CENTER;541330
I-200-10211-962822;CERTIFIED;18.10.2013;01.11.2013;H-1B;21.10.2013;21.10.2016;SOUTHERN MEDICAL PARTNERS LLC;1300 RIVERPLACE BLVD.;JACKSONVILLE;FL;32207;29-1069;Physicians and Surgeons, All Other;EMERGENCY MEDICINE PHYSICIAN;125;175;Hour;N;1;SOUTH WILLIAMSON;KY;90.31;Hour;Other;BUREAU OF LABOR STATISTICS;2012;;;;;;;;62111
I-200-10214-239270;CERTIFIED-WITHDRAWN;20.08.2010;19.11.2013;H-1B;10.01.2011;09.01.2014;UNIVERSITY OF COLORADO;1380 LAWRENCE STREET, 932;DENVER;CO;80217;19-1029.99;Biological Scientists, All Other;POST-DOCTORAL FELLOW;37740;;Year;Y;1;AURORA;CO;33613;Year;OES;OFLC ONLINE DATA CENTER;2010;;;;;;;;611310
I-200-10214-828624;CERTIFIED-WITHDRAWN;02.08.2010;31.10.2013;H-1B;03.01.2011;02.01.2014;POPULATION SERVICES INTERNATIONAL;1120 19TH STREET NW;WASHINGTON;DC;20036;13-2051.00;Financial Analysts;FINANCIAL ANALYST;59743;;Year;Y;1;WASHINGTON;DC;53394;Year;OES;OFLC ONLINE DATA CENTER;2010;;;;;;;;813319
I-200-10216-217068;CERTIFIED-WITHDRAWN;06.08.2010;18.12.2013;H-1B;30.01.2011;29.01.2014;ERICSSON INC.;6300 LEGACY DRIVE, R1-C10;PLANO;TX;75024;15-1071.00;Network and Computer Systems Administrators;ENGINEER - SERVICES RF;52416;70846;Year;Y;1;PLANO;TX;52416;Year;OES;OFLC ONLINE DATA CENTER;2010;;;;;;;;334220
I-200-10217-059051;CERTIFIED-WITHDRAWN;05.08.2010;14.11.2013;H-1B;01.10.2010;01.10.2013;TORO CAPITAL MANAGEMENT LLC;440 SOUTH LASALLE;CHICAGO;IL;60605;13-2051.00;Financial Analysts;FINANCIAL ANALYST, DERIVATIVES TRADER;60000;;Year;Y;1;CHICAGO;IL;49067;Year;OES;OFCL ONLINE DATA CENTER;2010;;;;;;;;523110
I-200-10217-803177;CERTIFIED-WITHDRAWN;05.08.2010;02.02.2014;H-1B;02.10.2010;26.09.2013;REVISION TECHNOLOGIES INC;30 RICHARD ROAD;EDISON;NJ;08820;15-1071.00;Network and Computer Systems Administrators;NETWORK AND COMPUTER SYSTEMS ADMINISTRATORS;60000;65000;Year;Y;1;EDISON;NJ;53560.00;Year;Other;OFLC ONLINE DATA CENTER;2010;;;;;;;;541511
I-200-10218-146972;WITHDRAWN;06.08.2010;22.07.2014;H-1B;10.08.2010;09.08.2013;UBS AG;677 WASHINGTON BOULEVARD;STAMFORD;CT;06901;15-1031.00;Computer Software Engineers, Applications;ASSOCIATE DIRECTOR, SENIOR C++ DEVELOPER / FRONT O;113922;115000;Year;Y;1;STAMFORD;CT;113922;Year;OES;OFLC ONLINE DATA CENTER;2010;;;;;;;;523110
I-200-10222-895570;CERTIFIED-WITHDRAWN;10.08.2010;04.11.2013;H-1B;20.01.2011;19.01.2014;MAGNUM SEMICONDUCTOR, INC.;591 YOSEMITE DR.;MILPITAS;CA;95035;17-2072.00;Electronics Engineers, Except Computer;HARDWARE VERIFICATION ENGINEER;84000;;Year;Y;1;MILPITAS;CA;84000.00;Year;Other;AON CORPORATION RADFORD US BENCHMARK SURVEY;2010;;;;;;;;334400
I-200-10223-270648;CERTIFIED-WITHDRAWN;17.08.2010;03.12.2013;H-1B;01.02.2011;01.02.2014;T-MOBILE USA, INC.;12920 SE 38TH STREET;BELLEVUE;WA;98006;17-2072.00;Electronics Engineers, Except Computer;ENGINEER, RADIO FREQUENCY DEPLOYMENT;78603;80013.44;Year;Y;1;SACRAMENTO;CA;78603;Year;OES;OFLC ONLINE DATA CENTER;2010;;;;;;;;517212
I-200-10225-712446;CERTIFIED-WITHDRAWN;10.03.2014;27.06.2014;H-1B;01.09.2014;01.09.2017;CITRON PHARMA, LLC;2 TOWER CENTER BLVD.;EAST BRUNSWICK;NJ;08816;15-1121;Computer Systems Analysts;BUSINESS SYSTEMS ANALYST;70000;;Year;Y;1;EAST BRUNSWICK;NJ;62442;Year;OES;OFLC ONLINE DATA CENTER;2013;;;;;;;;424210
I-200-10228-361342;WITHDRAWN;07.09.2010;30.12.2013;H-1B;01.03.2011;01.03.2014;HARTFORD FIRE INSURANCE COMPANY;ONE HARTFORD PLAZA;HARTFORD;CT;06115;15-2011.00;Actuaries;SENIOR ACTUARIAL ANALYST;64397;82000;Year;Y;1;SIMSBURY;CT;64396.80;Year;OES;OFLC ONLINE DATA CENTER;2010;;;;;;;;524126
I-200-10228-828212;CERTIFIED;02.09.2014;08.09.2014;H-1B;15.01.2015;14.01.2018;THE JOHNS HOPKINS UNIVERSITY;1620 MCELDERRY STREET;BALTIMORE;MD;21205;19-4021;Biological Technicians;RESEARCH TECHNOLOGIST;28320;;Year;Y;1;BALTIMORE;MD;27768;Year;Other;OFLC ONLINE DATA CENTER;2014;;;;;;;;611310
I-200-10236-626651;WITHDRAWN;25.08.2010;17.12.2013;H-1B;01.10.2010;30.09.2013;BROADCOM CORPORATION;5300 CALIFORNIA AVE.;IRVINE;CA;92617;15-1031.00;Computer Software Engineers, Applications;ENGINEER, STAFF I - FIRMWARE;79100;;Year;Y;1;SAN DIEGO;CA;77418.00;Year;OES;OFLC ONLINE DATA CENTER;2010;;;;;;;;334413
I-200-10236-701026;CERTIFIED-WITHDRAWN;16.03.2011;28.02.2014;H-1B;01.09.2011;31.08.2014;BOSTON VA RESEARCH INSTITUTE, INC.;150 S. HUNTINGTON AVENUE, 151B;BOSTON;MA;02130;19-3031.02;Clinical Psychologists;POSTDOCTORAL FELLOW IN PTSD;64013;;Year;Y;1;BOSTON;MA;56805.00;Year;OES;OFLC ONLINE DATA CENTER;2010;;;;;;;;813212
I-200-10237-710229;CERTIFIED-WITHDRAWN;22.09.2010;04.11.2013;H-1B;20.01.2011;19.01.2014;DREAMWORKS ANIMATION LLC;1000 FLOWER ST.;GLENDALE;CA;91201;27-1014.00;Multi-Media Artists and Animators;ANIMATOR;111920.64;;Year;Y;1;GLENDALE;CA;43618.00;Year;OES;OFLC ONLINE DATA CENTER;2010;;;;;;;;512110
I-200-10239-592989;CERTIFIED-WITHDRAWN;02.09.2010;31.10.2013;H-1B;01.02.2011;31.01.2014;JOHNSON CONTROLS, INC.;5757 N. GREEN BAY AVE.;MILWAUKEE;WI;53209;15-1032.00;Computer Software Engineers, Systems Software;PRINCIPAL ENGINEER/TECHNOLOGIST;81266;102703;Year;Y;1;MILWAUKEE;WI;81266.00;Year;OES;OFLC ONLINE DATA CENTER;2010;;;;;;;;333415
I-200-10239-643335;CERTIFIED-WITHDRAWN;08.09.2010;22.10.2013;H-1B;21.02.2011;20.02.2014;FEDERAL HOME LOAN MORTGAGE CORPORATION;8250 JONES BRANCH DRIVE;MCLEAN;VA;22102;15-1021;;DEVELOPMENT, PROFESSIONAL;66600;110000;Year;Y;1;MCLEAN;VA;55432.00;Year;OES;OFLC WAGE DATA SURVEY;2010;HERNDON;VA;55432.00;Year;OES;OFLC WAGE DATA SURVEY;OFLC WAGE DATA SURVEY;522294
I-200-10239-739818;CERTIFIED;07.03.2014;13.03.2014;H-1B;30.06.2014;29.06.2017;1199 NATIONAL BENEFIT FUND FOR HEALTH AND HUMAN SE;330 WEST 42ND STREET;NEW YORK;NY;10036;11-3021;Computer and Information Systems Managers;SR. MANAGER;108240;;Year;Y;1;NEW YORK;MD;99000.00;Year;Other;US MBD: MERCER BENCHMARK DATABASE SURVEY;2013;;;;;;;;525110
I-200-10239-912850;CERTIFIED;02.04.2014;09.04.2014;H-1B;17.04.2014;16.04.2017;VISUAL GRAPHIC SYSTEMS, INC.;330 WASHINGTON AVE.;CARLSTADT;NJ;07072;15-1121;Computer Systems Analysts;COMPUTER SUPPORT SPECIALIST;70000;;Year;Y;1;CARLSTADT;NJ;60362.00;Year;OES;OFLC ONLINE DATA CENTER;2013;;;;;;;;339950
I-200-10242-894732;CERTIFIED-WITHDRAWN;13.09.2010;19.11.2013;H-1B;06.01.2011;06.01.2014;T-MOBILE USA, INC.;12920 SE 38TH STREET;BELLEVUE;WA;98006;15-1031.00;Computer Software Engineers, Applications;DEVELOPER 4, SOFTWARE;107640;108150;Year;Y;1;BOTHELL;WA;107640.00;Year;OES;OFLC ONLINE DATA CENTER;2010;;;;;;;;517212
I-200-10242-915466;CERTIFIED-WITHDRAWN;30.08.2010;03.12.2013;H-1B;01.01.2011;31.12.2013;RESEARCH FOUNDATION OF THE STATE UNIVERSITY OF NEW;2401 COMPUTER SCIENCE BUILDING;STONY BROOK;NY;11794-4433;19-3099.99;Social Scientists and Related Workers, All Other;CLINICAL RESEARCH ASSOCIATE II;69432;;Year;Y;1;STONY BROOK;NY;51792;Year;OES;OFLC ONLINE DATA CENTER;2010;;;;;;;;541710
I-200-10243-070427;CERTIFIED;03.06.2014;09.06.2014;H-1B;03.06.2014;02.06.2017;T-MOBILE USA, INC.;12920 SE 38TH ST;BELLEVUE;WA;98006;17-2071;Electrical Engineers;SENIOR ENGINEER, RF DEPLOYMENT;95930;;Year;Y;1;MOBILE;AL;95930.00;Year;OES;OFLC ONLINE DATA CENTER;2013;;;;;;;;517212
I-200-10243-194938;CERTIFIED;06.11.2013;13.11.2013;H-1B;06.11.2013;06.11.2016;XPRUDENT CORP;1333 CORPORATE DRIVE;IRVING;TX;75038;15-1121;Computer Systems Analysts;PROGRAMMER ANALYST;62442;;Year;Y;1;IRVING;TX;57346.00;Year;OES;OFLC ONLINE DATA CENTER;2013;PLAINSBORO;NJ;62442.00;Year;OES;OFLC ONLINE DATA CENTER;OFLC ONLINE DATA CENTER;541511
I-200-10243-324957;CERTIFIED;06.11.2013;14.11.2013;H-1B;06.11.2013;06.11.2016;XPRUDENT CORP;1333 CORPORATE DRIVE;IRVING;TX;75038;15-1121;Computer Systems Analysts;PROGRAMMER ANALYST;60000;;Year;Y;1;IRVING;TX;57346;Year;OES;OFLC ONLINE DATA CENTER;2013;;;;;;;;541511
I-200-10243-937886;WITHDRAWN;08.09.2010;13.01.2014;H-1B;26.02.2011;25.02.2014;CUMMINS FILTRATION, INC.;2931 ELM HILL PIKE;NASHVILLE;TN;37214;17-2112.00;Industrial Engineers;PRODUCT DEVELOPMENT ENGINEER;73900;90600;Year;Y;1;STOUGHTON;WI;68702.00;Year;OES;OFLC ONLINE DATA CENTER;2010;;;;;;;;3336
I-200-10244-087686;CERTIFIED-WITHDRAWN;02.09.2010;01.11.2013;H-1B;13.11.2010;12.11.2013;MOTOROLA MOBILITY, INC.;600 NORTH US HIGHWAY 45;LIBERTYVILLE;IL;60048;15-1032.00;Computer Software Engineers, Systems Software;SOFTWARE ENGINEER;124363;164700;Year;Y;1;SANTA CLARA;CA;124363;Year;OES;OFLC ONLINE DATA CENTER;2010;;;;;;;;334200
I-200-10245-215974;CERTIFIED;14.03.2014;20.03.2014;H-1B;12.09.2014;12.09.2017;DOCEPSILON, LLC;1327 EMPIRE CENTRAL DRIVE;DALLAS;TX;75247;13-2051;Financial Analysts;FINANCIAL ANALYST;25;;Hour;N;1;DALLAS;TX;24.42;Hour;Other;OFLC ONLINE DATA CENTER;2013;;;;;;;;5239
I-200-10245-956839;CERTIFIED;13.03.2014;19.03.2014;H-1B;12.09.2014;12.09.2017;AMERICAN CHINESE ART SOCIETY;111 TRUMAN ROAD;NEWTON;MA;02459;27-2032;Choreographers;CHOREOGRAPHER;50;;Hour;N;1;WOBURN;MA;26.12;Hour;Other;OFLC ONLINE DATA CENTER;2013;;;;;;;;7111
I-200-10250-339214;CERTIFIED-WITHDRAWN;23.03.2011;05.09.2014;H-1B;07.09.2011;07.09.2014;GABELLI SECURITIES, INC.;401 THEODORE FREMD AVE;RYE;NY;10580;13-2051.00;Financial Analysts;ANALYST, ALTERNATIVE INVESTMENT GROUP;120000;;Year;Y;1;RYE;NY;86965;Year;OES;OFLC ONLINE DATA CENTER;2010;;;;;;;;523930
I-200-10250-915316;WITHDRAWN;21.09.2010;26.06.2014;H-1B;01.12.2010;30.11.2013;ITRON INC.;2111 NORTH MOLTER ROAD;LIBERTY LAKE;WA;99019;17-2072.00;Electronics Engineers, Except Computer;ASSOCIATE DESIGN ENGINEER;58700;60000;Year;Y;10;WEST UNION;SC;58677.00;Year;OES;OFLC ONLINE DATA CENTER;2010;;;;;;;;334515
I-200-10250-971984;CERTIFIED;22.05.2014;29.05.2014;H-1B;03.06.2014;03.06.2017;UNIVERSAL TAX SYSTEMS, INC.;2700 LAKE COOK ROAD;RIVERWOODS;IL;60015;41-1012;First-Line Supervisors of Non-Retail Sales Workers;FIELD SALES REP;48589;85000;Year;Y;1;DAVIE;FL;48589.00;Year;OES;OFLC ONLINE DATA CENTER;2013;;;;;;;;511210
I-200-10250-986276;CERTIFIED;19.08.2014;25.08.2014;H-1B;12.09.2014;12.09.2017;CCH INCORPORATED;2700 LAKE COOK ROAD;RIVERWOODS;IL;60015;15-1132;Software Developers, Applications;IT ARCHITECT;85738;104100;Year;Y;1;WICHITA;KS;85738.00;Year;OES;OFLC ONLINE DATA CENTER;2014;;;;;;;;511210
